idx,src,section,subcat,title_zh,title_en,slug_en,sections,chars_zh,chars_en,top_sections,split_ok
1,《GTA6》 MOD支持：现状、限制与未来展望.docx,guides,story,MOD支持：现状、限制与未来展望,"GTA6 Mod Support: The Current State, the Limits, and What Comes Next",gta6-mod-support-the-current-state-the-limits-and-what-comes-next,6,1520,4729,《GTA6》 MOD支持：现状、限制与未来展望 | 当前官方立场 | 历史经验与预期路径 | 可能出现的模组类型,True
2,《GTA6》 NPC AI行为升级：让雷欧奈达州真正“活起来”.docx,guides,systems,NPC AI行为升级：让雷欧奈达州真正“活起来”,GTA6 NPC AI Upgrades: Bringing Leonida to Life,gta6-npc-ai-upgrades-bringing-leonida-to-life,8,1434,4720,《GTA6》 NPC AI行为升级：让雷欧奈达州真正“活起来” | 密度与多样性的双重突破 | 行为反应的显著升级 | 记忆与识别系统,True
3,《GTA6》 PC版上线时间：官方未定，历史规律指向2027-2028.docx,news,,PC版上线时间：官方未定，历史规律指向2027-2028,"GTA6 on PC: No Official Date, but Past Releases Point to 2027–2028",gta6-on-pc-no-official-date-but-past-releases-point-to-2027-2028,8,1272,3688,《GTA6》 PC版上线时间：官方未定，历史规律指向2027-2028 | 官方态度：主机优先策略 | 历史先例对比 | 业界与媒体预估,True
4,《GTA6》 Rockstar官方消息汇总.docx,news,,Rockstar官方消息汇总,GTA6: A Roundup of Rockstar's Official Announcements,gta6-a-roundup-of-rockstars-official-announcements,9,1685,3829,《GTA6》 Rockstar官方消息汇总 | 开发确认与早期预告 | 发售日期调整 | 预购与定价,True
5,《GTA6》上市前泄露信息汇总.docx,news,,上市前泄露信息汇总,GTA6 Pre-Launch Leak Roundup,gta6-pre-launch-leak-roundup,10,1330,4287,《GTA6》上市前泄露信息汇总 | 2022年9月：史上最大规模早期泄露 | 主要曝光内容包括： | 2023–2025年：零星内部消息与小规模泄露,True
6,《GTA6》与R星财报信息：Take-Two财年展望与预购热度.docx,news,,与R星财报信息：Take-Two财年展望与预购热度,GTA6 and Rockstar's Financials: Take-Two's Fiscal Outlook and Pre-Order Demand,gta6-and-rockstars-financials-take-twos-fiscal-outlook-and-pre-order-dem,8,1862,5139,《GTA6》与R星财报信息：Take-Two财年展望与预购热度 | FY2026全年表现（截至2026年3月31日） | FY2027初步展望：GTA6驱动的新纪录 | 预购表现：“前所未有”,True
7,《GTA6》与《GTA5》全面对比：从洛圣都到雷欧奈达的跨越.docx,guides,story,与《GTA5》全面对比：从洛圣都到雷欧奈达的跨越,"GTA6 vs GTA5: A Full Comparison, From Los Santos to Leonida",gta6-vs-gta5-a-full-comparison-from-los-santos-to-leonida,11,1375,4663,《GTA6》与《GTA5》全面对比：从洛圣都到雷欧奈达的跨越 | 舞台设定：洛圣都 vs 雷欧奈达州 | 主角系统：三人切换 vs 双人协作 | 玩法与系统升级,True
8,《GTA6》与《荒野大镖客2》对比：Rockstar开放世界的继承与进化.docx,guides,story,与《荒野大镖客2》对比：Rockstar开放世界的继承与进化,GTA6 vs Red Dead Redemption 2: Inheritance and Evolution in Rockstar's Open Worlds,gta6-vs-red-dead-redemption-2-inheritance-and-evolution-in-rockstars-ope,8,1447,4204,《GTA6》与《荒野大镖客2》对比：Rockstar开放世界的继承与进化 | 1. 地图规模与世界密度 | 2. 世界反应与沉浸感 | 3. 角色与身体系统,True
9,《GTA6》价格全解析：标准版与终极版详解.docx,news,,价格全解析：标准版与终极版详解,GTA6 Price Breakdown: Standard and Ultimate Editions Explained,gta6-price-breakdown-standard-and-ultimate-editions-explained,10,1439,4430,《GTA6》价格全解析：标准版与终极版详解 | 官方定价一览 | 美国地区： | 其他主要地区参考价格：,True
10,《GTA6》体态系统：吃喝拉练如何改变角色外观.docx,guides,systems,体态系统：吃喝拉练如何改变角色外观,"GTA6 Physique System: How Eating, Drinking, and Training Change Character Appearance",gta6-physique-system-how-eating-drinking-and-training-change-character-a,8,1480,5365,《GTA6》体态系统：吃喝拉练如何改变角色外观 | 核心机制：饮食与运动 | 睡眠与生活状态的附加影响 | 体态变化的实际意义,True
11,《GTA6》体育与竞技活动：从街头球场到专业赛道的全面覆盖.docx,guides,activities,体育与竞技活动：从街头球场到专业赛道的全面覆盖,GTA6 Sports and Competitive Activities: From Street Courts to Pro Tracks,gta6-sports-and-competitive-activities-from-street-courts-to-pro-tracks,9,1488,4913,《GTA6》体育与竞技活动：从街头球场到专业赛道的全面覆盖 | 球类与传统体育 | 健身与格斗类 | 竞速与载具竞技,True
12,《GTA6》全部角色背景一览.docx,characters,,全部角色背景一览,"All GTA6 Characters at a Glance: Backgrounds, Motives and Where They Fit",all-gta6-characters-at-a-glance-backgrounds-motives-and-where-they-fit,4,2662,7157,露西亚·卡米诺斯 | 德雷奎恩·普里斯特 | 美金多姿（贝拉克斯与柔茜） | 拉乌尔·巴蒂斯塔,True
13,《GTA6》剧情剧透：官方已公开的核心框架与Extended Look线索.docx,news,,剧情剧透：官方已公开的核心框架与Extended Look线索,GTA6 Story Spoilers: The Official Core Framework and Extended Look Clues,gta6-story-spoilers-the-official-core-framework-and-extended-look-clues,7,1882,5459,《GTA6》剧情剧透：官方已公开的核心框架与Extended Look线索 | 官方故事简介 | 双主角背景 | Extended Look展示的早期剧情脉络,True
14,《GTA6》动物生态：雷欧奈达州的鲜活自然.docx,guides,world,动物生态：雷欧奈达州的鲜活自然,GTA6 Animal Ecology: The Living Nature of Leonida,gta6-animal-ecology-the-living-nature-of-leonida,6,1486,4856,《GTA6》动物生态：雷欧奈达州的鲜活自然 | 已确认的标志性物种 | 生态分布与区域差异 | 与前作对比与系统潜力,True
15,《GTA6》动画技术：60万动画背后的次世代角色系统.docx,guides,systems,动画技术：60万动画背后的次世代角色系统,"GTA6 Animation Tech: The Next-Gen Character System Behind 600,000 Animations",gta6-animation-tech-the-next-gen-character-system-behind-600-000-animati,9,1648,5049,《GTA6》动画技术：60万动画背后的次世代角色系统 | 动画数量的历史跨越 | 专属团队：为NPC单独进行艺术指导 | 物理与骨骼：软组织模拟的突破,True
16,《GTA6》卡尔·汉普顿角色介绍：宅在家里的偏执好友.docx,characters,,卡尔·汉普顿角色介绍：宅在家里的偏执好友,GTA6 Cal Hampton Character Profile: The Paranoid Friend Who Never Leaves Home,gta6-cal-hampton-character-profile-the-paranoid-friend-who-never-leaves-,4,1331,3756,最安全的地方：家里与网络 | 与杰森和布莱恩的关系 | 在游戏中的潜在作用 | 低潮处的美国人,True
17,《GTA6》即将彻底重塑游戏史上最棒的体验之一.docx,guides,story,即将彻底重塑游戏史上最棒的体验之一,How GTA6 Is About to Reinvent the Best Experience in Gaming,how-gta6-is-about-to-reinvent-the-best-experience-in-gaming,0,979,2987,,True
18,《GTA6》发售时间全解析：预计2026年11月19日正式上线.docx,news,,发售时间全解析：预计2026年11月19日正式上线,"GTA6 Release Date Explained: Expected to Launch November 19, 2026",gta-6-release-date-explained-expected-to-launch-november-19-2026,9,1737,4692,GTA6发售时间全解析：预计2026年11月19日正式上线 | 官方确认发售日期 | 发售时间调整历程 | 全球解锁时间差异,True
19,《GTA6》地图介绍：雷欧奈达州全解析.docx,map,,地图介绍：雷欧奈达州全解析,GTA6 Map Guide: Inside the State of Leonida,gta-6-map-guide-inside-the-state-of-leonida,12,1681,5068,GTA6地图介绍：雷欧奈达州全解析 | 整体设定：一个完整的州 | 六大官方确认区域 | 1. 罪恶城（Vice City）,True
20,《GTA6》城市街区：Vice City的多元街区全解析.docx,map,,城市街区：Vice City的多元街区全解析,GTA6 City Districts: Vice City's Diverse Neighborhoods Explained,gta-6-city-districts-vice-citys-diverse-neighborhoods-explained,7,1759,4537,《GTA6》城市街区：Vice City的多元街区全解析 | Vice City整体定位 | 主要确认街区 | 街区差异与玩法关联,True
21,《GTA6》夜店与派对系统：Vice City夜生活的全面回归.docx,guides,world,夜店与派对系统：Vice City夜生活的全面回归,GTA6 Nightclubs and Parties: The Full Return of Vice City Nightlife,gta6-nightclubs-and-parties-the-full-return-of-vice-city-nightlife,7,1479,4642,《GTA6》夜店与派对系统：Vice City夜生活的全面回归 | 确认的夜生活场所 | 可进行的活动与互动 | 与其他系统的联动,True
22,《GTA6》天气对玩法的影响：从视觉氛围到实际策略.docx,guides,systems,天气对玩法的影响：从视觉氛围到实际策略,GTA6's Weather and Its Impact on Gameplay: From Visual Mood to Real Strategy,gta6s-weather-and-its-impact-on-gameplay-from-visual-mood-to-real-strate,9,1447,4981,《GTA6》天气对玩法的影响：从视觉氛围到实际策略 | 驾驶与物理手感的变化 | 能见度与战斗影响 | NPC与世界的动态反应,True
23,《GTA6》天气系统：动态环境与物理互动的进化.docx,guides,systems,天气系统：动态环境与物理互动的进化,GTA6's Weather System: The Evolution of Dynamic Environments and Physical Interaction,gta6s-weather-system-the-evolution-of-dynamic-environments-and-physical-,12,1167,4310,《GTA6》天气系统：动态环境与物理互动的进化 | 官方与可靠信息基础 | 预期影响范围 | 驾驶物理,True
24,《GTA6》布莱恩·赫德角色介绍：礁岛群走私传奇的完整档案.docx,characters,,布莱恩·赫德角色介绍：礁岛群走私传奇的完整档案,GTA6 Brian Heder Character Profile: The Complete Dossier on a Keys Smuggling Legend,gta6-brian-heder-character-profile-the-complete-dossier-on-a-keys-smuggl,4,2051,5949,黄金时代的幸存者：布莱恩·赫德的背景与性格 | 与杰森的特殊关系：免费住房与交换条件 | 在游戏世界中的定位与潜在作用 | 整体游戏背景：为何布莱恩·赫德如此重要,True
25,《GTA6》德雷奎恩·普里斯特角色介绍：从街头 hustler 到音乐野心家.docx,characters,,德雷奎恩·普里斯特角色介绍：从街头 hustler 到音乐野心家,GTA6 Dre'Quan Priest Character Profile: From Street Hustler to Music Mogul,gta6-drequan-priest-character-profile-from-street-hustler-to-music-mogul,4,1823,5069,街头 hustler 的双重身份 | 与波比·艾克的合作：纯声唱片的野心 | 在游戏中的潜在作用与定位 | 音乐产业讽刺的缩影,True
26,《GTA6》情侣主角设定：杰森与露西亚的“邦妮与克莱德”故事.docx,characters,,情侣主角设定：杰森与露西亚的“邦妮与克莱德”故事,GTA6's Couple Protagonists: Jason and Lucia's “Bonnie and Clyde” Story,gta6s-couple-protagonists-jason-and-lucias-bonnie-and-clyde-story,7,1235,4158,《GTA6》情侣主角设定：杰森与露西亚的“邦妮与克莱德”故事 | 官方定位与背景 | 关系系统（Bond System）如何运作 | 双人切换与合作玩法,True
27,《GTA6》房产与安全屋：流动的家与故事的落脚点.docx,guides,crime,房产与安全屋：流动的家与故事的落脚点,GTA6 Properties and Safehouses: A Home on the Move and a Base for the Story,gta6-properties-and-safehouses-a-home-on-the-move-and-a-base-for-the-sto,8,1497,5045,《GTA6》房产与安全屋：流动的家与故事的落脚点 | 已确认的安全屋 | 安全屋的高度互动性 | 与叙事的紧密绑定,True
28,《GTA6》拉乌尔·巴蒂斯塔角色介绍：自信迷人的老牌银行劫匪.docx,characters,,拉乌尔·巴蒂斯塔角色介绍：自信迷人的老牌银行劫匪,GTA6 Raul Bautista Character Profile: The Confident Career Bank Robber,gta6-raul-bautista-character-profile-the-confident-career-bank-robber,4,1315,3843,自信、迷人、精明的专业劫匪 | 风险不断升高的行动风格 | 与杰森、露西亚的潜在合作 | 在雷欧奈达犯罪生态中的位置,True
29,《GTA6》摄影与自拍玩法：Snapmatic回归与社交网络的深度融入.docx,guides,activities,摄影与自拍玩法：Snapmatic回归与社交网络的深度融入,GTA6 Photography and Selfies: Snapmatic Returns as Social Media Bites Deep,gta6-photography-and-selfies-snapmatic-returns-as-social-media-bites-dee,7,1365,4538,《GTA6》摄影与自拍玩法：Snapmatic回归与社交网络的深度融入 | Snapmatic的回归与限制 | 手机作为真实物品 | 社交网络与世界的联动,True
30,《GTA6》新交互系统：更真实、更有后果的开放世界.docx,guides,systems,新交互系统：更真实、更有后果的开放世界,GTA6's New Interaction Systems: A More Believable World with Real Consequences,gta6s-new-interaction-systems-a-more-believable-world-with-real-conseque,9,1328,4559,《GTA6》新交互系统：更真实、更有后果的开放世界 | 1. 双人实时切换与关系互动 | 2. 高度反应的NPC生态 | 3. 全新通缉与身份识别系统,True
31,《GTA6》服装系统：从换装到通缉伪装的完整时尚生态.docx,guides,systems,服装系统：从换装到通缉伪装的完整时尚生态,"GTA6 Clothing System: From Outfit Swaps to Wanted-Level Disguises, a Full Fashion Ecosystem",gta6-clothing-system-from-outfit-swaps-to-wanted-level-disguises-a-full-,10,1290,4464,《GTA6》服装系统：从换装到通缉伪装的完整时尚生态 | 双主角独立衣橱 | 动态布料与真实感 | 服装与通缉系统的深度联动,True
32,《GTA6》杰森·杜瓦角色介绍：想过轻松日子的退伍军人.docx,characters,,杰森·杜瓦角色介绍：想过轻松日子的退伍军人,"Jason Duval is one of GTA6’s two playable leads. He isn’t a born thrill-seeking outlaw so much as a man who keeps trying to walk away from his old life and keeps getting pulled back. Rockstar sums up his central conflict in one line: “Jason wants an easy life, but life keeps getting harder.” This GTA6 character profile covers his background, his relationship with Lucia, and where he sits in Leonida’s criminal networks.",jason-duval-is-one-of-gta6s-two-playable-leads-he-isnt-a-born-thrill-see,4,1347,3897,从小混混到退伍军人：难以摆脱的循环 | 遇见露西亚：命运的转折点 | 在游戏中的定位与玩法意义 | 想要轻松却无法抽身的人,True
33,《GTA6》武器系统详解：从无限军火库到策略化战斗.docx,weapons,,武器系统详解：从无限军火库到策略化战斗,GTA6 Weapon System Explained: From a Bottomless Arsenal to Tactical Combat,gta6-weapon-system-explained-from-a-bottomless-arsenal-to-tactical-comba,9,1259,4482,《GTA6》武器系统详解：从无限军火库到策略化战斗 | 武器携带限制：告别无限口袋 | 射击与瞄准系统 | 武器获取与种类,True
34,《GTA6》水上载具：从气垫船到皮划艇的全面水上生态.docx,vehicles,,水上载具：从气垫船到皮划艇的全面水上生态,"GTA6 Watercraft: A Full Aquatic Ecosystem, from Airboats to Kayaks",gta6-watercraft-a-full-aquatic-ecosystem-from-airboats-to-kayaks,11,1398,4142,《GTA6》水上载具：从气垫船到皮划艇的全面水上生态 | 1. 气垫船（Airboat / Fanboat）——沼泽专属利器 | 2. 水上摩托（Jet Ski / Seashark）——沿海高速选项 | 3. 皮划艇（Kayak）——系列首次引入,True
35,《GTA6》沼泽区域：Grassrivers的原始湿地世界.docx,map,,沼泽区域：Grassrivers的原始湿地世界,GTA6 Swamp Region: The Untamed Wetlands of Grassrivers,gta6-swamp-region-the-untamed-wetlands-of-grassrivers,8,1713,5478,《GTA6》沼泽区域：Grassrivers的原始湿地世界 | 官方定位与地理特征 | 载具与通行方式 | 野生动物与生态,True
36,《GTA6》波比·艾克角色介绍：罪恶城传奇企业家的完整档案.docx,characters,,波比·艾克角色介绍：罪恶城传奇企业家的完整档案,GTA6 Boobie Ike Character Profile: The Complete Dossier on a Vice City Legendary Entrepreneur,gta6-boobie-ike-character-profile-the-complete-dossier-on-a-vice-city-le,5,2359,7297,《GTA6》波比·艾克角色介绍：罪恶城传奇企业家的完整档案 | 从街头到帝国：波比·艾克的崛起之路 | 与德雷奎恩的合作：纯声唱片与音乐野心 | 在游戏世界中的定位与潜在作用,True
37,《GTA6》海滩场景：Vice City海岸线的浮华与喧嚣.docx,map,,海滩场景：Vice City海岸线的浮华与喧嚣,GTA6 Beach Scenes: The Glamour and Noise of Vice City's Coastline,gta6-beach-scenes-the-glamour-and-noise-of-vice-citys-coastline,8,1436,4774,《GTA6》海滩场景：Vice City海岸线的浮华与喧嚣 | 核心海滩区域 | 人群与氛围：系列最高密度之一 | 可参与的活动,True
38,《GTA6》游戏评级详解：Mature 17+ 与全球分级现状.docx,news,,游戏评级详解：Mature 17+ 与全球分级现状,GTA6 Rating Breakdown: Mature 17+ and the Global Ratings Picture,gta6-rating-breakdown-mature-17-and-the-global-ratings-picture,8,1656,4213,《GTA6》游戏评级详解：Mature 17+ 与全球分级现状 | 北美（ESRB）：Mature 17+ | 欧洲与英国（PEGI）：预期PEGI 18 | 澳大利亚（ACB）：MA 15+,True
39,《GTA6》游戏配置要求预测.docx,news,,游戏配置要求预测,"GTA6 PC System Requirements: Predicted Minimum, Recommended and 4K Specs",gta6-pc-system-requirements-predicted-minimum-recommended-and-4k-specs,4,1396,2983,最低配置预测（1080p 低-中画质，约30帧） | 推荐配置预测（1080p–1440p 高画质，60帧） | 高配/4K配置预测（1440p–4K 超高画质 + 光追） | 重要提醒,True
40,《GTA6》游泳与潜水系统：从水面到珊瑚礁的全面升级.docx,guides,activities,游泳与潜水系统：从水面到珊瑚礁的全面升级,GTA6 Swimming and Diving Systems: A Full Upgrade from the Surface to the Coral Reef,gta6-swimming-and-diving-systems-a-full-upgrade-from-the-surface-to-the-,9,1351,4496,《GTA6》游泳与潜水系统：从水面到珊瑚礁的全面升级 | 官方确认的潜水活动 | 游泳系统基础 | 氧气与装备机制,True
41,《GTA6》犯罪任务详解：从便利店到银行大劫案的策略化犯罪.docx,guides,crime,犯罪任务详解：从便利店到银行大劫案的策略化犯罪,GTA6 Crime Missions Explained: Strategic Crime from Convenience Stores to Big Bank Heists,gta6-crime-missions-explained-strategic-crime-from-convenience-stores-to,7,1284,4433,《GTA6》犯罪任务详解：从便利店到银行大劫案的策略化犯罪 | 主线犯罪叙事框架 | 自由犯罪与开放世界抢劫 | 大型劫案与准备系统,True
42,《GTA6》犯罪类型：从街头抢劫到州级阴谋的完整犯罪光谱.docx,guides,crime,犯罪类型：从街头抢劫到州级阴谋的完整犯罪光谱,GTA6 Crime Types: The Full Spectrum from Street Robberies to a Statewide Conspiracy,gta6-crime-types-the-full-spectrum-from-street-robberies-to-a-statewide-,9,1620,5822,《GTA6》犯罪类型：从街头抢劫到州级阴谋的完整犯罪光谱 | 五大层级的自由抢劫体系 | 其他核心犯罪类型 | 犯罪经济与销赃系统,True
43,《GTA6》玩法特色介绍：双主角协作与全新开放世界体验.docx,guides,story,玩法特色介绍：双主角协作与全新开放世界体验,GTA6 Gameplay Features: Two-Protagonist Co-op and a Brand-New Open World,gta6-gameplay-features-two-protagonist-co-op-and-a-brand-new-open-world,8,1248,4501,GTA6玩法特色介绍：双主角协作与全新开放世界体验 | 双主角无缝切换系统 | 生活与外貌模拟系统 | 升级的通缉与警察系统,True
44,《GTA6》电台音乐：雷欧奈达的声波地图.docx,guides,world,电台音乐：雷欧奈达的声波地图,GTA6 Radio Music: The Sonic Map of Leonida,gta6-radio-music-the-sonic-map-of-leonida,7,1753,4233,《GTA6》电台音乐：雷欧奈达的声波地图 | 官方原声专辑：《Grand Theft Auto VI: The Album》 | 预告片与实机中的经典曲目 | 电台系统现状,True
45,《GTA6》画质对比《GTA5》：从增强版到次世代跨越.docx,guides,story,画质对比《GTA5》：从增强版到次世代跨越,GTA6 vs GTA5 Graphics Compared: From Enhanced Edition to a Generational Leap,gta6-vs-gta5-graphics-compared-from-enhanced-edition-to-a-generational-l,7,1209,3877,《GTA6》画质对比《GTA5》：从增强版到次世代跨越 | 角色模型与材质 | 光照与光线追踪 | 环境与世界密度,True
46,《GTA6》真实原型城市：雷欧奈达州如何复刻佛罗里达.docx,map,,真实原型城市：雷欧奈达州如何复刻佛罗里达,GTA6’s Real-World Prototypes: How Leonida Recreates Florida,gta6s-real-world-prototypes-how-leonida-recreates-florida,10,1727,4578,《GTA6》真实原型城市：雷欧奈达州如何复刻佛罗里达 | 1. Vice City ← 迈阿密（Miami）及迈阿密海滩 | 2. Leonida Keys ← 佛罗里达礁岛群（Florida Keys） | 3. Grassrivers ← 大沼泽地（Everglades）,True
47,《GTA6》粉丝猜想：从结局到隐藏真相的社区脑洞全梳理.docx,guides,story,粉丝猜想：从结局到隐藏真相的社区脑洞全梳理,"GTA6 Fan Theories: Every Big Community Idea, From the Ending to Hidden Truths",gta6-fan-theories-every-big-community-idea-from-the-ending-to-hidden-tru,9,1520,5334,《GTA6》粉丝猜想：从结局到隐藏真相的社区脑洞全梳理 | 1. 结局猜想：邦妮与克莱德式悲剧？ | 2. 角色隐藏身份猜想 | 3. 地图与隐藏区域猜想,True
48,《GTA6》线上模式玩法：首发无多人，后续计划仍属机密.docx,news,,线上模式玩法：首发无多人，后续计划仍属机密,"GTA6 Online Gameplay: No Multiplayer at Launch, Future Plans Still Classified",gta6-online-gameplay-no-multiplayer-at-launch-future-plans-still-classif,7,1511,4686,《GTA6》线上模式玩法：首发无多人，后续计划仍属机密 | 官方确认的现状 | 历史对比与时间预期 | 可能的玩法方向（基于现有线索）,True
49,《GTA6》罪恶都市设定：现代雷欧奈达州的阳光与阴影.docx,guides,world,罪恶都市设定：现代雷欧奈达州的阳光与阴影,GTA6's Vice City Setting: Sunshine and Shadow in a Modern Leonida,gta6s-vice-city-setting-sunshine-and-shadow-in-a-modern-leonida,9,1538,4782,《GTA6》罪恶都市设定：现代雷欧奈达州的阳光与阴影 | 官方描述与整体基调 | Rockstar官网对罪恶城的介绍简洁而精准： | 主要街区与地标,True
50,《GTA6》美金多姿组合介绍：从街头敲诈到病毒式说唱的双子星.docx,characters,,美金多姿组合介绍：从街头敲诈到病毒式说唱的双子星,GTA6's Real Dimez Explained: The Duo Who Went from Street Shakedowns to Viral Rap,gta6s-real-dimez-explained-the-duo-who-went-from-street-shakedowns-to-vi,0,1083,3035,,True
51,《GTA6》自由探索奖励：走出主线后的真正收获.docx,guides,activities,自由探索奖励：走出主线后的真正收获,GTA6's Free Exploration Rewards: What You Actually Gain Off the Critical Path,gta6s-free-exploration-rewards-what-you-actually-gain-off-the-critical-p,9,1344,4646,《GTA6》自由探索奖励：走出主线后的真正收获 | 动物研究与图鉴系统 | 钓鱼与水下探索 | 随机事件与隐藏内容,True
52,《GTA6》节日与特殊事件：动态世界中的季节与狂欢.docx,guides,world,节日与特殊事件：动态世界中的季节与狂欢,GTA6's Holidays and Special Events: Seasons and Spectacle in a Dynamic World,gta6s-holidays-and-special-events-seasons-and-spectacle-in-a-dynamic-wor,7,1480,4978,《GTA6》节日与特殊事件：动态世界中的季节与狂欢 | 目前已确认的“特殊事件”形态 | 系列传统与合理预期 | 可能的节日方向（推测）,True
53,《GTA6》警察追捕系统：六星回归与更聪明的通缉机制.docx,guides,crime,警察追捕系统：六星回归与更聪明的通缉机制,GTA6 Police Chase System: The Return of Six Stars and Smarter Wanted Mechanics,gta6-police-chase-system-the-return-of-six-stars-and-smarter-wanted-mech,10,1417,4829,《GTA6》警察追捕系统：六星回归与更聪明的通缉机制 | 六星通缉回归 | 犯罪必须被“报告” | 热度图标：警方掌握了什么？,True
54,《GTA6》证人系统：犯罪被“看见”后的真实后果.docx,guides,crime,证人系统：犯罪被“看见”后的真实后果,GTA6 Witness System: The Real Consequences of Being Seen,gta6-witness-system-the-real-consequences-of-being-seen,8,1331,4623,《GTA6》证人系统：犯罪被“看见”后的真实后果 | 犯罪如何被报告 | 警察掌握的信息：HUD图标体系 | 证人与监控的实际影响,True
55,《GTA6》试玩爆料：媒体与创作者亲眼所见的核心细节.docx,news,,试玩爆料：媒体与创作者亲眼所见的核心细节,GTA6 Hands-On Leaks: The Core Details Media and Creators Saw for Themselves,gta6-hands-on-leaks-the-core-details-media-and-creators-saw-for-themselv,9,1524,5288,《GTA6》试玩爆料：媒体与创作者亲眼所见的核心细节 | 双主角协作：真正可玩的搭档系统 | 抢劫系统的全面升级 | 通缉与犯罪档案,True
56,《GTA6》购物与消费体验：从街头服饰到高端定制的完整生态.docx,guides,systems,购物与消费体验：从街头服饰到高端定制的完整生态,GTA6 Shopping and Spending: A Complete Ecosystem from Streetwear to High-End Custom,gta6-shopping-and-spending-a-complete-ecosystem-from-streetwear-to-high-,8,1533,5204,《GTA6》购物与消费体验：从街头服饰到高端定制的完整生态 | 服装与造型的核心体验 | 确认的店铺与服务 | 消费与系统的联动,True
57,《GTA6》资产系统详解：安全屋、车库与金钱管理.docx,guides,crime,资产系统详解：安全屋、车库与金钱管理,"GTA6 Asset System Explained: Safehouses, Garages, and Money Management",gta6-asset-system-explained-safehouses-garages-and-money-management,7,1381,4515,《GTA6》资产系统详解：安全屋、车库与金钱管理 | 安全屋：故事驱动，而非自由购买 | 车库：可购买的载具存储资产 | 金钱与经济系统：三分结构,True
58,《GTA6》路人AI：从背景板到会呼吸的虚拟市民.docx,guides,systems,路人AI：从背景板到会呼吸的虚拟市民,GTA6 Pedestrian AI: From Backdrop to Citizens That Breathe,gta6-pedestrian-ai-from-backdrop-to-citizens-that-breathe,8,1480,4684,《GTA6》路人AI：从背景板到会呼吸的虚拟市民 | 1. 前所未有的多样性与密度 | 2. 真正会“反应”的路人 | 3. 人群与日常模拟,True
59,《GTA6》载具系统详解：物理、改装与全新驾驶体验.docx,vehicles,,载具系统详解：物理、改装与全新驾驶体验,"GTA6 Vehicle System Explained: Physics, Customization, and a Whole New Driving Experience",gta6-vehicle-system-explained-physics-customization-and-a-whole-new-driv,8,1252,4298,《GTA6》载具系统详解：物理、改装与全新驾驶体验 | 驾驶物理：兼顾重量感与易上手 | 实机中可见明显改进： | 载具种类与地图适配,True
60,《GTA6》通缉等级改动：从五星到六星的全面进化.docx,guides,crime,通缉等级改动：从五星到六星的全面进化,GTA6 Wanted Level Changes: A Full Evolution from Five Stars to Six,gta6-wanted-level-changes-a-full-evolution-from-five-stars-to-six,10,1518,5137,《GTA6》通缉等级改动：从五星到六星的全面进化 | 1. 最高等级回归六星 | 2. 犯罪不再自动触发通缉 | 3. 新增热度图标系统,True
61,《GTA6》配音演员：目前唯一确认与主流传闻.docx,news,,配音演员：目前唯一确认与主流传闻,GTA6 Voice Cast: The Only Confirmed Name and the Leading Rumors,gta6-voice-cast-the-only-confirmed-name-and-the-leading-rumors,6,1396,3755,《GTA6》配音演员：目前唯一确认与主流传闻 | 唯一官方确认：斯蒂芬·鲁特（Stephen Root）饰演布莱恩·赫德 | 主角配音：仍属未公开状态 | Rockstar的保密传统,True
62,《GTA6》野生动物：雷欧奈达州的完整生态体系.docx,guides,world,野生动物：雷欧奈达州的完整生态体系,GTA6 Wildlife: The Full Ecosystem of Leonida,gta6-wildlife-the-full-ecosystem-of-leonida,7,1417,4777,《GTA6》野生动物：雷欧奈达州的完整生态体系 | 核心确认物种 | 互动与研究系统 | 区域分布与生态差异,True
63,《GTA6》钓鱼与狩猎深度：从休闲放松到经济来源.docx,guides,activities,钓鱼与狩猎深度：从休闲放松到经济来源,GTA6 Fishing and Hunting in Depth: From Relaxation to Income,gta6-fishing-and-hunting-in-depth-from-relaxation-to-income,7,1480,4848,《GTA6》钓鱼与狩猎深度：从休闲放松到经济来源 | 钓鱼：纯休闲的Catch and Release | 狩猎：可赚钱的经济一环 | 核心场所：Mount Kalaga国家公园,True
64,《GTA6》露西娅·卡米诺斯角色介绍：刚出狱就准备改写命运的女主角.docx,characters,,露西娅·卡米诺斯角色介绍：刚出狱就准备改写命运的女主角,GTA6 Lucia Caminos Character Profile: Out of Prison and Ready to Rewrite Her Fate,gta6-lucia-caminos-character-profile-out-of-prison-and-ready-to-rewrite-,4,1391,3929,从小被教会打架的女人 | 与杰森的搭档：可能的出路 | 在游戏中的核心定位 | 准备改变命运的女人,True
65,《GTA6》面部表情技术：次世代角色表演的核心突破.docx,guides,systems,面部表情技术：次世代角色表演的核心突破,GTA6 Facial Expression Tech: The Core Breakthrough in Next-Gen Character Performance,gta6-facial-expression-tech-the-core-breakthrough-in-next-gen-character-,8,1553,5245,《GTA6》面部表情技术：次世代角色表演的核心突破 | 皮肤渲染与表情细腻度的提升 | 面部捕捉与表演驱动 | 身体状态对面部的动态影响,True
66,《GTA6》预告片细节解析：从氛围到实机的三步进化.docx,videos,,预告片细节解析：从氛围到实机的三步进化,GTA6 Trailer Breakdown: A Three-Step Evolution from Atmosphere to Gameplay,gta6-trailer-breakdown-a-three-step-evolution-from-atmosphere-to-gamepla,6,2160,4939,《GTA6》预告片细节解析：从氛围到实机的三步进化 | Trailer 1（2023年12月）：世界与氛围的建立 | Trailer 2（2025年5月）：角色与故事框架 | An Extended Look（2026年8月）：实机玩法全面展示,True
67,《GTA6》预告片解析：从Trailer 1到Extended Look的完整演变.docx,videos,,预告片解析：从Trailer 1到Extended Look的完整演变,GTA6 Trailer Analysis: The Full Evolution from Trailer 1 to the Extended Look,gta6-trailer-analysis-the-full-evolution-from-trailer-1-to-the-extended-,10,2007,4785,GTA6预告片解析：从Trailer 1到Extended Look的完整演变 | Trailer 1（2023年12月）：世界初见 | Trailer 2（2025年5月）：角色与关系浮现 | An Extended Look（2026年8月27日）：玩法落地,True
68,《GTA6》预计销量：分析师共识与破纪录预期.docx,news,,预计销量：分析师共识与破纪录预期,GTA6 Projected Sales: Analyst Consensus and Record-Breaking Expectations,gta6-projected-sales-analyst-consensus-and-record-breaking-expectations,7,1418,4403,《GTA6》预计销量：分析师共识与破纪录预期 | 主流分析师预测汇总 | 首周与首月：可能刷新娱乐行业纪录 | 首年与Take-Two财年目标的对应关系,True
69,《GTA6》飞机与直升机：雷欧奈达的天空载具体系.docx,vehicles,,飞机与直升机：雷欧奈达的天空载具体系,GTA6 Planes and Helicopters: Leonida's Aerial Vehicle Line-Up,gta6-planes-and-helicopters-leonidas-aerial-vehicle-line-up,8,1595,4496,《GTA6》飞机与直升机：雷欧奈达的天空载具体系 | 直升机：最常见的空中工具 | 固定翼飞机：从水上飞机到喷气机 | 空中载具与地图的匹配,True
70,从便利店到大银行：《GTA6》抢劫机制如何让每一票都变得“像回事”.docx,guides,crime,从便利店到大银行：《GTA6》抢劫机制如何让每一票都变得“像回事”,From Corner Stores to Big Banks: How GTA6's Heists Make Every Score Feel Real,from-corner-stores-to-big-banks-how-gta6s-heists-make-every-score-feel-r,5,1701,5496,从便利店到大银行：《GTA6》抢劫机制如何让每一票都变得“像回事” | 五级阶梯：从几千块到改变命运 | 准备决定一切 | 两个角色，两套打法,True
71,关于《GTA6》，我们还有6个最关心的问题.docx,faq,,关于《GTA6》，我们还有6个最关心的问题,Six Big GTA6 Questions We Still Can't Answer,six-big-gta6-questions-we-still-cant-answer,6,1217,3651,1. 双主角切换与关系系统到底有多深？ | 2. 角色外貌与生活系统能改变到什么程度？ | 3. PC版什么时候来？配置要求会有多高？ | 4. GTA Online会如何延续？,True
72,沉在海底，藏在车房：《GTA6》宝藏系统如何让探索真正“值钱”.docx,map,,沉在海底，藏在车房：《GTA6》宝藏系统如何让探索真正“值钱”,"Sunk Beneath the Waves, Hidden in the Garage: How GTA6's Treasure System Makes Exploration Pay",sunk-beneath-the-waves-hidden-in-the-garage-how-gta6s-treasure-system-ma,4,1280,3863,沉在海底，藏在车房：《GTA6》宝藏系统如何让探索真正“值钱” | 海洋不再是背景板 | 车房寻宝：从圣安地列斯归来 | 探索的回报，不只是钱,True
73,钱在手里，才叫钱：《GTA6》经济系统如何让“穷”变得真实.docx,guides,systems,钱在手里，才叫钱：《GTA6》经济系统如何让“穷”变得真实,Money in Hand Is Money That Counts: How GTA6's Economy Makes Being Broke Feel Real,money-in-hand-is-money-that-counts-how-gta6s-economy-makes-being-broke-f,5,1427,4334,钱在手里，才叫钱：《GTA6》经济系统如何让“穷”变得真实 | 三层货币，三层风险 | 抢劫是一门分级生意 | 赚钱不止一种方式,True
